﻿pos_x,pos_y,rotation,side,designator,mpn,pack,value,mount_type,place
29.4,-30.2,0.0,top,,,Graphics,,tht,False
29.4,-30.2,0.0,top,,,Graphics,,tht,False
79.85,-68.0,0.0,bottom,BT1,,BatteryHolder_Keystone_1060_1x2032,Battery_Cell,smt,True
63.0,-83.0,180.0,bottom,D1,,LED_1210_3225Metric_Pad1.42x2.65mm_HandSolder,LED,smt,True
96.4875,-83.0,0.0,bottom,D2,,LED_1210_3225Metric_Pad1.42x2.65mm_HandSolder,LED,smt,True
58.0,-75.15,-90.0,bottom,R1,,R_1210_3225Metric_Pad1.30x2.65mm_HandSolder,200,smt,True
101.5,-75.05,-90.0,bottom,R2,,R_1210_3225Metric_Pad1.30x2.65mm_HandSolder,200,smt,True
80.0,-102.45,180.0,bottom,SW1,,MSS22D18G2,SW_DPDT_x2,smt,True
